1006253,398561,818806,698283,38293,10030,89802,980974,342389,586618,722828,782542,670366,693159,152784,768870,557794,805241,537201,62756,0.29155335,372.54044,442.29794
7675,1043751,734492,193093,199701,992321,793390,509374,668671,436714,205353,32045,287745,276223,698002,1000752,239366,503906,636116,18822,0.29223466,372.84985,452.61221
327343,562695,556712,662080,515473,792149,1022727,814810,496569,627613,314737,426588,557730,511696,125402,640870,849123,470734,672804,512893,0.29244569,370.8873,445.03452
469726,554805,411765,515401,893289,51417,554322,762098,981821,782506,363970,67393,763267,288335,276284,997050,884248,412032,366376,408486,0.29120512,372.86664,455.90317
898754,390702,684794,245485,214012,466354,528419,61977,527946,156424,673526,402762,157550,431509,318476,126312,923647,881118,1032243,494909,0.29282099,370.98716,443.66077
54360,55167,338526,81271,788883,497476,735994,817337,230364,814302,166467,987996,224975,128203,760319,125893,244308,897733,347359,582640,0.29306107,370.13741,430.93311
341481,992592,221670,940173,194921,352730,903516,441245,221755,907080,166596,923683,13947,350582,1048570,265557,415270,235820,874502,1030780,0.2923976,375.00291,479.10147
314556,833076,245824,20449,130043,70151,777646,639648,98050,86003,419217,316497,933334,305042,68394,37061,194510,833152,556863,212080,0.29242518,376.00937,461.03543
772179,540656,744956,745985,11214,25001,330654,362042,390560,622238,134402,122500,28603,867227,774165,383637,764759,457192,274667,248492,0.29343715,375.16427,450.87469
676608,242844,517124,388075,30052,605454,916501,503392,836447,147498,1022663,707624,406077,863933,19829,417878,789845,18359,443495,608484,0.29268811,370.15698,446.65646
673256,842409,928964,458392,887007,785614,907441,90244,903498,632407,356789,579347,419632,20346,477780,659009,625909,11214,603458,858064,0.29247566,371.98963,449.42502
527602,52014,527871,427400,504558,528020,893083,723230,499942,206213,156828,640593,253544,381139,997962,194355,821492,74470,702894,446405,0.29293018,376.74518,461.1947
346880,332436,43019,326848,870791,904819,753165,978608,1009754,738379,18458,289195,642264,981893,985379,639736,329523,627746,278663,288734,0.292916,367.46377,432.82852
270717,575683,537815,175349,599070,30073,672610,253373,186751,622989,467383,240062,437215,13829,660791,763166,477891,930943,931297,416652,0.29231624,378.3715,453.05753
308049,606714,560622,676989,785751,109730,292987,368659,698096,609829,943166,900271,5963,422269,432846,415091,437464,194845,944491,321776,0.29318534,375.303,468.12234
753966,476415,676413,476673,263057,334214,314457,968250,53840,251120,1016183,627973,795873,356385,266375,982390,175935,304073,110353,808068,0.29310442,379.18086,465.41895
970793,584063,395008,317108,185597,562066,617496,358021,942931,891266,801633,211886,433957,380864,187071,220544,75866,509317,909056,245708,0.29236527,378.15439,465.49933
462217,399367,760832,683247,415881,883347,89608,730934,290948,988255,317982,490796,253873,995916,802317,841032,546741,799283,511823,240894,0.29330288,372.55266,471.19849
783231,455473,868449,628542,573485,42021,348189,148659,902909,432338,1016808,469023,390750,160542,135852,161051,851344,798798,95470,788511,0.29364346,374.45608,445.86636
759735,826749,736742,363722,721521,828588,255415,485138,538910,918514,353626,589878,825429,879817,234648,340431,192655,38701,511008,71675,0.29233123,370.03365,457.77808
1018806,56893,357665,809272,224429,563417,706704,404320,982905,927397,104481,1029652,307877,150106,632879,618587,521984,473464,705174,282874,0.29157718,378.24081,488.0939
141412,192178,1008188,271317,770022,911746,24887,254580,212673,182665,120400,5590,1001785,391765,344116,404860,522740,636851,567401,42298,0.29216714,376.69053,466.36429
1014841,459742,56578,124319,229641,491531,212982,944172,580223,992655,757953,883402,921881,235993,863070,32234,716574,962954,964235,904399,0.29163901,374.89311,447.05893
302265,506527,869507,750798,1043783,249763,955362,870375,614366,657602,710591,232262,277683,115516,777751,391386,169841,776617,171880,295097,0.29265172,367.67061,437.31506
296715,1016803,903663,96150,752322,422126,985226,480874,458097,795655,60500,313566,212787,708798,896339,149539,476264,896721,655002,850418,0.29325167,372.78562,448.10193
615465,1040441,945319,276216,127937,1044959,472671,466216,44971,766382,753669,577830,426693,615800,250843,419354,734780,428056,675672,193762,0.29209184,370.38945,459.69943
431460,243016,405011,84950,776328,657536,320705,885045,632989,753827,630167,898569,556036,533456,372352,376595,431359,771608,993069,535422,0.29364887,375.92442,456.53171
509301,141090,900638,260720,776210,1048358,951706,65550,194526,1020273,354114,918171,93496,451072,344767,758613,556355,830540,233097,452321,0.29287272,370.93654,472.61453
982538,359475,384233,52395,194208,1021216,484195,1011212,631469,773976,217131,278179,180795,718553,886727,108752,75441,917059,548638,535541,0.29161956,369.3943,437.61179
7925,802145,514696,537166,627033,996069,661052,446639,410035,646375,961418,228173,435432,122490,432880,1033146,776998,988869,371335,437205,0.29304451,376.45063,455.93091
274330,1043054,70720,796107,356931,771012,260162,606314,549373,125948,1017534,918365,621131,922574,91744,314562,571115,843104,410308,578667,0.29024833,375.42022,454.86765
889424,906903,660644,346268,761127,614728,985552,56994,548609,305033,371046,941370,921555,806926,113568,391299,464280,188248,438577,150089,0.29196045,377.61819,453.56845
690080,838420,365188,265911,767833,58187,728653,1002628,65785,565842,550114,324543,650400,212811,527662,849132,88411,507145,941203,356025,0.29154109,366.97369,467.48083
883050,726603,393009,395866,647391,326604,812862,675295,584910,234179,31342,6568,855606,777823,941483,410156,814399,597817,885963,936565,0.29173195,372.91438,453.25006
584388,678398,817893,1041633,451174,62368,907174,267382,467669,370547,225209,960637,714554,127031,947585,1043756,732249,410529,830708,943172,0.2879258,365.67903,432.89862
503924,285918,226947,793653,522253,1036681,793730,423388,32771,272151,143994,1048223,798418,47116,516803,741008,589895,901575,952768,1026984,0.29166589,375.57569,472.85852
832814,779604,356619,27355,823493,750176,834926,811575,579765,868917,750443,217618,834765,782502,250313,807502,435478,973044,660392,129471,0.29326668,371.9167,455.53064
882981,669188,131139,771887,295871,220327,632376,993546,959075,178323,102556,311467,476962,690235,775311,798925,979840,783999,961215,751012,0.29422257,375.63888,462.25919
734044,537117,1024767,167462,762858,580891,932555,735776,78571,590694,825090,924525,78136,367723,496944,790104,291189,129492,295867,94554,0.29443193,375.6653,453.1788
242104,33964,866337,72473,606775,263792,264771,824446,98245,56288,176991,491711,253765,109231,22723,98839,519292,415842,77935,51298,0.29363142,377.57815,477.21771
35520,83293,915496,453544,598607,383079,573408,880838,992736,128647,714607,156906,342993,519153,524564,448642,575501,357111,184384,183284,0.29360024,373.36661,461.83481
1019545,1003794,451231,305119,278927,75915,387017,823243,369310,1041298,829206,395605,655826,944609,319484,827874,889212,913638,149319,743966,0.29200633,372.5699,446.58383
428697,557495,1005266,402981,982182,131210,242589,308971,839966,203435,502575,790891,1023003,694341,890813,824189,853238,161932,1047088,393241,0.2940881,373.74227,459.09375
879544,1020223,445829,291743,415448,45212,918083,335189,884423,297059,666953,141763,231858,949372,73537,408750,670846,641795,395945,625129,0.2931321,373.98381,476.93243
359907,936556,419705,275218,536341,450880,227119,260621,112792,911123,578793,891276,89030,646886,281097,1172,971489,908139,385640,1039904,0.29128183,371.83979,466.02664
106707,41989,524964,610094,877825,843526,778066,782586,651672,816248,148049,922131,576667,717320,670209,484618,1003757,407201,315899,799640,0.29252591,373.79781,481.50754
600046,405062,404265,257799,116735,110029,847298,50915,855982,902500,41255,88468,60520,817078,852961,414311,576065,227197,630902,599337,0.2907983,374.21354,463.80872
869046,673265,475726,1022582,363343,33207,397642,983299,565189,351419,45867,1025093,728534,259139,42116,357937,781142,25775,906178,116313,0.29247692,372.3138,451.24387
299594,6872,421460,992432,869585,360760,39005,849977,529047,608910,85827,423875,679713,862663,800069,258592,656021,711013,506878,563890,0.29229025,375.97175,453.79626
210536,697391,731097,677406,1042632,436283,431162,875326,572893,298203,669229,567698,545617,383272,982220,149176,507893,797821,761975,847440,0.29320765,369.52614,456.71518
444256,534553,675883,859835,28918,174482,55596,450617,680705,242507,1002520,849685,670497,703505,355320,691757,574516,130079,936455,101669,,,
610515,775748,342642,176983,14844,595471,926963,79214,1009811,702343,519013,992242,347369,507453,547775,129460,619159,342540,422677,447738,,,
785696,699320,757674,512945,608821,604112,754457,715712,45797,552201,974520,547728,961421,830638,793986,930314,177418,869361,446352,935718,,,
728631,790912,67434,887031,1037093,203057,300893,824496,637018,135914,420940,230139,575060,601440,697720,500370,1047346,508286,800433,876489,,,
729128,913907,652385,750276,559898,369764,960999,961284,162285,190050,220214,317696,785169,46645,323929,105204,812091,304766,59516,212743,,,
945325,255291,632993,541541,7939,262110,739251,113366,355122,921338,155368,443392,437731,364551,721360,348142,652706,93802,821828,950236,,,
90717,344982,443000,364359,627622,448194,724687,1035714,301099,362414,721666,723864,461834,180963,737821,598400,919200,663338,59982,954204,,,
338822,751190,489829,197906,187269,162252,122872,217205,787358,78834,920963,91714,586107,49379,572370,419527,686768,164907,47270,926937,,,
391484,384161,4089,491680,332862,589516,1043917,358310,609337,13951,412240,340007,140485,976275,702929,1044157,562927,425248,81001,547118,,,
504525,58810,262944,924818,910564,507641,233150,551161,450746,919678,127463,573595,460125,755652,69052,896176,806457,794720,820338,763246,,,
1035362,983903,313193,818778,913495,435139,26504,271860,545267,46451,475321,16160,659460,60911,364211,634988,280256,921505,402583,584177,0.29228516,372.04235,450.02435
57588,428839,1029744,914510,963707,790219,169509,565685,474186,862588,612789,741402,502515,443638,642862,226189,415973,852451,73620,985543,0.29193536,371.27382,454.17474
743210,159962,978402,943887,796727,493926,190047,218873,570632,542628,223027,682662,458023,789613,143622,689870,836618,728241,882633,774812,0.29203034,378.50976,463.61795
649416,314008,359904,840879,541108,862462,601804,964029,220995,696817,239628,218186,617873,316617,227790,584275,123390,628210,164239,15644,0.29257726,372.58608,459.92703
1024253,337303,527723,950193,478482,338313,1014390,644017,119577,372365,649317,445454,508823,233859,797008,254122,751691,27683,300199,804524,0.29166094,378.60739,505.41068
429835,734555,355081,475187,922184,1031267,115947,215796,502067,587594,471175,311307,617231,893103,722234,125487,343478,319855,2709,1021477,0.29169884,375.75787,461.40063
622698,606321,674414,433305,463564,439973,1018906,563965,324307,73390,339973,153025,861492,854217,182351,262701,505420,895307,357934,662000,0.29573929,379.63405,471.57684
769986,247067,961153,992025,417804,251507,570537,642430,731229,843374,320716,460261,327971,595170,733294,928786,777965,196696,827970,244518,0.29405429,372.5721,474.42886
383293,735161,200820,30957,831415,700907,226491,12632,945295,486997,50198,754312,1035113,1041033,331486,97611,465906,414173,1034658,70567,0.2935564,371.36703,466.19208
458795,774218,576330,482062,382829,893229,817925,692558,960805,852508,285692,608610,224025,37114,478716,25128,346977,507828,520747,420589,0.29365673,371.14685,443.50763
42349,732806,998324,608436,1046762,279818,870423,276781,501771,96630,616334,371304,794398,149722,745149,1033669,804661,248734,906570,841739,,,
92133,467148,732696,34786,756081,31785,41105,151799,741461,864305,613355,657184,684330,66721,88497,567605,513423,389488,69492,832842,,,
929329,273722,931547,805064,898387,384476,979734,547975,199145,601888,739524,953828,207797,809484,908506,623378,379486,115100,778510,250152,,,
2591,118037,756888,403694,268609,716676,538755,962503,808182,497495,964972,932201,512116,143629,693573,615266,159525,692452,730491,794617,,,
245083,874096,222640,931445,443303,830956,699123,184560,493169,378972,563568,598042,605058,345781,603799,149957,960395,291035,54999,189806,,,
866571,923706,569181,268355,615652,74822,847882,84933,814646,873813,971344,470012,1047935,616836,321574,530513,757324,381903,240177,277799,,,
477336,305647,134179,834669,337075,302248,423173,355523,218626,736216,56855,528671,609495,361750,177614,51901,889142,684466,110897,55436,,,
137655,745700,935599,914945,846873,414475,178479,184729,387718,951640,26711,1015585,239179,439765,1017572,288961,467372,427747,243417,619059,,,
1022829,860720,38700,431774,693200,1012364,932169,591340,212171,220407,339487,274790,126942,552873,890550,500147,251143,449925,845871,454677,,,
413765,867817,679702,950571,980754,280249,124098,408248,425045,667476,524655,884262,1002348,751382,900006,549278,675296,142620,412975,793702,,,
312800,459375,44939,722512,694787,15554,563254,1030806,90434,639422,693193,820467,640003,679154,866077,969319,1024508,532342,819086,398217,,,
503382,122573,783468,1018066,852487,400789,830239,90492,281894,660836,116207,642903,543610,262042,768209,213050,431562,365564,184877,290981,,,
57319,759547,594820,371901,985723,1008231,763803,90511,812312,421435,324107,65214,442464,783859,362055,154658,942939,518689,157681,497148,,,
58466,408881,894809,576418,190594,734128,803476,361987,139119,604418,709921,50692,378109,299677,861111,49395,608709,297866,28505,359124,,,
881336,1009374,967740,623315,769314,805132,113523,626935,831819,679746,797019,1013251,386958,348658,163248,715819,1026097,225916,976289,484561,,,
903936,680103,74456,206572,206713,764907,204974,946609,502909,443946,666786,922408,457608,798672,138973,292207,407403,132236,844980,565424,,,
911312,207928,719785,785798,303676,365254,969640,192581,383475,453432,388604,395006,203432,111957,292445,85248,250807,641992,337414,812258,,,
816517,245019,265806,322461,185161,118398,1043659,262399,430713,291054,922997,401598,743013,681496,747044,846162,180390,26401,800985,940389,,,
813348,299925,116950,602395,307772,892003,1048123,462463,410353,950587,775746,790069,780798,641977,669604,83903,775565,31039,198027,880403,,,
409465,390962,581848,211408,858504,717345,894143,704588,680830,1024896,817164,32115,966736,882709,309516,611831,906606,546685,726657,811147,,,
752250,422817,429263,536807,440110,664934,441451,557746,685026,1019246,942671,714131,443579,931227,816232,511642,797184,464521,604362,68516,,,
387035,916912,83880,123736,599933,224814,212885,849504,217338,688155,699398,524804,726062,208563,955180,1042986,584420,824749,151450,714345,,,
448824,60519,536289,1036957,808766,666414,974966,935711,146617,981519,39514,1042501,211197,403479,266787,122671,195981,893174,797683,766323,,,
526721,698641,540798,701555,357653,370059,340052,816803,685421,436838,1003725,653732,507579,30692,230079,37574,942781,731600,853648,535841,,,
965733,225863,741708,995780,49986,389946,719042,170115,683926,942087,756789,513501,932189,499504,799834,827582,490518,569703,814587,491354,,,
328735,920220,116623,515024,1012793,202876,959666,906939,688985,1005783,663493,108855,841713,151933,526239,454094,1028096,810990,279492,423915,,,
586710,274101,192392,151664,774882,990250,803473,954454,880115,25252,936116,261681,606672,666840,593352,401677,93743,639271,253462,128895,,,
138729,164447,247184,454383,1042298,45934,255636,328867,591574,308125,959487,346926,670566,60470,843529,182063,732133,134981,242075,232508,,,
593022,61431,381635,999977,385643,330251,914480,561111,478252,962814,224133,266887,918381,972545,84987,158070,651175,622635,538132,894980,,,
729750,574440,55764,714016,557783,576213,963033,720895,712212,412352,137623,587327,112262,223055,450124,326670,570073,807705,644469,674919,,,
645350,993713,562840,164300,336380,399221,639974,927393,708040,530851,908851,580035,584384,962190,766951,308620,529678,606170,913673,225944,0.29227713,377.30094,457.95004
942599,447647,292958,202235,782336,612407,372350,768966,18729,216872,709271,705557,1032241,503447,426676,602233,302084,420673,830479,69465,0.292679,378.19606,517.77319
437712,229268,303051,16163,568627,189858,546079,182130,175515,232083,671644,836774,363349,843861,41079,509461,285647,704409,934442,48552,0.29159708,375.74378,465.62039
443679,893445,197757,91378,150326,57929,394883,579300,833671,438921,253285,288424,864436,708789,140773,727485,819841,70611,860572,624801,0.29285726,375.49147,449.29877
443814,625483,86272,133635,328716,768138,999657,220292,713731,361993,578169,206970,678456,130479,470645,805928,949968,538839,14316,322821,0.29307421,376.93887,464.09439
894697,338277,4532,496182,767505,297230,1009860,167538,140648,716788,999243,954832,817206,40796,499262,897763,878503,650481,102764,135351,0.2933741,372.39957,443.26495
890115,452793,877430,824097,300264,967165,432614,968854,192916,9349,691801,974677,39438,984198,249382,938376,601046,863489,32186,998111,0.29188502,372.5385,470.31409
167327,178856,720340,828692,744283,352584,627617,938722,531177,932646,717189,146128,626379,136135,771498,953293,503119,221027,379222,473063,0.29234388,373.84979,467.0672
661916,664626,22780,642528,203561,54661,474229,664914,115521,88560,179886,313741,127222,774271,928133,274866,44229,17680,1039549,801954,0.29353895,373.49198,446.93155
730655,484893,768455,272113,435811,782460,750829,811676,128443,624942,145725,104709,752243,936886,165193,892241,384454,886364,457144,254834,0.29214332,372.93188,444.31815
765662,811804,515801,275575,97067,663012,640241,189105,686483,408310,883613,777112,325439,127549,674529,568150,488663,161200,619622,850775,0.292644,373.39803,454.73474
319486,859950,512269,529142,738195,369648,803456,812370,744362,66259,338141,154536,636757,510798,156679,136988,288719,105513,936036,619309,0.29230895,373.71779,468.22427
108798,582918,884649,213114,941233,728217,973677,345636,184365,106492,729867,686512,645275,626343,1004331,64206,250069,372754,638720,66376,0.29320325,372.06561,442.22867
775759,808529,855888,126564,64833,652177,331023,857901,453124,931592,571350,135965,142753,798283,446727,1016168,957677,739959,1040928,748165,0.29364472,372.8288,439.23624
447470,889007,59484,617109,628318,215149,661767,298269,946292,209651,51916,308490,558351,387212,238596,932551,857996,475162,491329,995077,0.294299,375.14613,445.45682
905292,536907,797421,140117,809278,287019,1042772,898218,395266,584909,379223,973549,609359,202162,336195,692201,900212,987278,577588,257422,0.29296231,376.66846,472.40768
479871,391741,908111,609253,713794,939802,599148,455097,593144,545903,801763,861999,608999,343017,421828,212835,201115,468972,833785,552135,0.2932951,375.3848,473.28751
334853,736300,83289,316716,381268,653473,317459,405566,1027696,568774,854273,559617,1004634,429660,385717,172821,362995,10218,407301,984351,0.29263541,372.10498,451.91397
810474,943583,295394,889225,686109,767042,1034684,545515,935271,808938,610347,614494,527551,978280,330620,1035240,538051,700468,186595,463784,0.29209945,373.51249,454.75122
827091,418304,497605,764905,961040,562123,222247,991120,737356,442835,101163,821994,566688,162116,373323,902861,1001843,838807,680307,324794,0.29233923,370.80126,460.53006
404644,742935,21044,882631,189469,237313,522951,573459,605838,950561,22720,640978,168325,666167,439324,936824,430192,875968,5030,356730,0.29337023,371.92168,464.03735
625370,849151,973176,122125,490118,505258,434471,570773,970084,821260,293345,453726,822694,174401,107425,669838,276446,534085,1042210,934863,0.29285073,372.52017,457.9689
734198,227690,854030,378875,396472,1021428,303042,494597,272672,818498,778981,897756,510157,457134,643279,105508,259938,847969,564249,558516,0.29374155,372.31096,474.64285
527300,327073,708855,32263,1003053,318206,395977,1010653,282487,1044900,763254,126009,777173,309140,183790,648271,970669,164226,1009387,829893,0.29352646,368.75088,467.04449
780718,21334,901570,345787,48665,143652,342952,112334,562586,279850,62235,885691,166679,708207,351553,408467,522628,251029,840999,1027723,0.29362906,374.73235,469.81308
771182,475497,802734,413170,814300,289205,127801,854117,650336,269906,913445,878753,559074,668315,5114,875762,504673,542324,221600,1021435,0.29303239,370.30259,448.93539
95220,259861,906577,722623,951306,378680,438328,349610,343334,853790,336542,570055,603909,528458,508897,133584,949346,851283,676120,191974,0.29168521,373.58872,451.94159
153106,769318,683588,747525,227763,364362,751512,1003512,1020484,767512,25124,322133,13117,45350,690960,94228,906445,179413,222973,574460,0.29243054,372.71019,476.10596
823251,913626,497691,1032273,656234,674587,394219,1001051,899139,300126,36054,452019,574786,356319,514265,167027,801534,956290,1014484,918378,0.29394187,369.14466,445.02277
415515,727991,698700,392577,89236,661467,836424,143540,246832,263950,710900,73113,666189,854491,63277,844341,541078,128126,1040518,802887,0.29260317,373.28924,472.39767
508331,376298,315484,895384,697598,724713,877791,809688,830934,916746,243163,738674,958655,132952,316924,223909,221590,498429,247056,643062,0.29154249,374.20254,464.1134
186888,496195,345815,66739,747366,465627,572065,888071,343422,824297,309954,10549,774391,469794,686306,59482,919515,577705,689183,427387,0.29265162,375.21139,455.8504
241883,183878,1027283,898694,931297,554117,809166,1016684,85271,275634,533857,325971,442679,592806,460102,343628,903362,460008,311360,498283,0.29338176,372.31641,493.33081
728828,74693,979262,744585,925699,579624,224444,17615,717523,1041155,331469,784263,618228,352057,418009,459174,410059,434353,521509,625900,0.29045576,373.89123,437.82657
776918,690774,579941,884095,283766,888439,458323,390937,55693,30146,899302,618386,698240,986882,902066,580395,212431,873870,1028111,937421,0.29227892,373.12198,477.82422
382988,1012339,258195,122718,848657,773454,820747,341195,216893,408813,924453,1026108,302220,594173,82895,1023580,1022007,420672,454358,613576,0.2933867,371.21081,450.02371
598929,852045,931938,723715,43196,105316,466201,37820,382430,215727,295356,600083,193170,1037552,296427,438572,318396,708696,458694,743865,0.29291534,375.65492,474.6601
1030085,203753,1014167,513950,664841,11703,429329,474875,637011,729120,798216,618885,409388,353659,345082,999184,820372,442327,533783,177422,0.29167242,369.81126,443.09186
440176,524731,16170,555235,400554,543777,649275,253139,185780,540809,752383,649436,583477,473575,96862,394295,963167,432877,273116,1033490,0.29261238,377.08947,452.21387
89368,666657,267392,674752,15632,651453,926502,1043336,537545,548391,415562,279014,245577,250948,630439,597209,33732,167665,511607,774385,0.29299904,379.07997,498.28763
663623,1017276,474447,339320,541016,482103,680943,193207,100751,89376,235705,641093,131640,239696,648382,1035055,491505,297788,1030522,1003517,0.29264922,372.10427,440.41208
853923,733532,1026885,128989,38154,418604,606389,162481,33043,933376,600383,35618,807486,295452,495499,243319,768099,995918,880349,375575,0.29187281,375.05773,466.53
647446,946601,174284,553954,11459,367808,544928,724737,550425,8670,78425,690110,908513,236732,404902,150062,660209,523546,573570,499479,0.29477884,375.95296,446.82648
50707,1028530,695456,475467,23668,278742,705717,446913,243671,410846,557187,1017844,257369,837530,1028755,147268,218328,516149,937180,808199,0.29422708,373.67821,462.42709
923167,609969,26817,976962,92209,290348,212834,550491,618202,276453,698527,297230,631200,860226,644863,972827,275978,245656,333697,884144,0.29200067,372.59338,470.27075
795629,398037,404998,446235,42257,698583,883890,893955,464223,462868,604721,769473,999832,975214,769185,702930,753675,917013,755567,914289,0.29219014,373.88166,434.68295
919118,230407,200102,946514,343351,724646,276702,794042,17036,789901,157127,40967,216581,598839,1012271,841766,734267,20180,737470,777533,0.29560524,380.46957,472.66544
268154,975983,644912,847818,150079,202839,507284,725564,529054,244890,921114,11382,810768,495689,388656,594517,622359,158048,48837,178602,0.29311348,375.58653,460.00064
542068,585612,137170,173361,140168,630202,1048381,296445,240846,493983,407726,924983,389714,18486,732051,876886,365568,518106,1019804,1004331,0.29123965,374.59079,449.47937
737825,438638,483862,514092,250849,756345,578745,618348,293053,129065,1042890,566233,273114,374345,696775,973449,94208,792265,67777,542337,0.29087813,372.09631,443.09702
339294,857028,676981,397519,138716,722022,620020,815201,997170,240613,54961,202770,894295,426507,410156,618338,1017301,253368,543215,70700,0.29104322,377.89151,473.15912
196224,776795,245201,852759,340115,628718,484615,233029,691033,902538,829348,232032,589449,809901,1011327,968958,487850,698759,990242,308210,0.29324228,371.82905,481.86127
710509,185619,484017,457211,683380,442964,964351,87850,556667,279748,203387,468596,776753,731318,486981,98510,932295,658105,306643,419071,0.29100959,372.51902,458.83926
666727,362678,637919,643603,483759,202056,809019,700839,228733,214269,684398,93018,877817,638950,784164,86343,140516,742041,462345,691570,0.29152355,368.34868,436.63458
452446,296153,773984,366999,357323,625344,721737,45147,756812,991026,393096,891921,343640,181578,118841,468006,66408,401569,1003882,1010890,0.29169085,369.32307,460.25833
756698,1003524,807551,516348,309922,490476,444974,61775,994846,802282,762954,870953,598979,93023,551234,973018,946048,9169,781198,454094,0.29300715,369.97631,452.40652
476851,398255,81439,800864,168242,851480,883362,222923,706992,159676,690698,894330,1030954,853526,50234,172491,473578,865454,753142,113991,0.29287703,370.97013,451.13425
151083,591817,258159,768645,873773,229371,572721,663301,668238,785645,693335,942685,784571,341644,189362,614282,72295,1011216,212103,408418,0.29106153,370.6128,440.35876
800376,176611,4906,415835,348935,630620,468996,847289,871127,18383,596392,827621,747997,774137,962056,801333,1008807,1010308,878011,96255,0.29326579,373.51225,437.89529
226332,535336,836864,902029,290415,366659,396385,334272,589556,1557,69755,46526,738265,279133,246779,994465,584517,1022329,396467,69779,0.29230388,378.14582,465.92242
942092,768229,450520,390310,483648,529577,579821,852688,170947,745724,524424,903369,152321,387900,216465,122584,716145,633706,152313,1042748,0.29213161,368.75428,474.84872
68501,439177,807070,220594,493662,202829,679737,928228,163654,942776,148162,74351,989418,433965,905275,1048570,955910,593359,148452,393154,0.29147396,373.3998,452.76849
408386,180341,545736,910976,607575,213494,540736,14807,567481,990691,143654,690287,432421,1003348,655331,837712,177510,1045844,658792,993027,0.29354629,375.20585,449.90512
210869,713628,894179,968096,1023721,350466,801297,420851,449034,493396,107226,1038675,145447,683580,605911,691541,724905,599391,1013139,738423,0.29071144,372.94363,445.97998
529748,847420,974773,727395,210106,352944,338780,567253,166883,717047,1031177,1048555,446887,104474,698301,307337,813742,376005,359791,422364,0.29310591,372.78051,464.64175
1037429,302217,561918,551919,392671,441256,232433,627281,840972,887295,430854,54369,631234,567794,883379,493718,971153,283949,906539,642696,0.29233685,372.68061,457.81348
1013634,798592,576117,88998,334908,855270,666791,212807,536488,1025829,1020429,334674,369553,868989,989670,988639,942496,390154,6278,374762,0.29280273,373.42214,470.89117
556942,363376,381830,682837,541863,570044,1021323,186719,906259,417854,534781,1001857,761613,323082,178452,417495,421764,527742,586846,822598,0.29373044,373.52565,456.15582
70114,442453,440350,104200,92415,394493,46181,108552,211250,884738,678587,368056,281780,614095,454691,38975,646603,111706,233588,591282,0.29346915,378.01396,460.09406
304700,912698,75581,1022889,520554,61943,220485,851833,900857,311729,150677,556742,492839,517271,534054,604241,175349,633414,102753,204060,0.29122537,371.63994,460.60574
110511,520837,515766,434117,663734,654461,156634,345466,383438,749301,454709,206130,689839,998603,287589,428926,993810,441976,165950,185438,0.29298823,366.68255,425.4859
131363,113481,844136,204,677216,301010,375934,208711,243222,1038055,1035569,25369,562030,802501,108268,102087,31602,352248,79151,513095,0.29308257,372.87088,461.07523
129600,204227,207728,957034,14611,684929,636617,571911,603112,218020,522013,575581,471665,1035037,361498,72251,519860,779635,1041989,297123,0.2929401,373.67937,469.5329
759784,791116,542172,587503,771592,829529,359131,51538,529999,349217,1019213,167767,664207,176648,125121,862808,613493,26951,497097,182805,0.2932365,379.62409,467.55106
795968,943009,881685,304261,70657,409090,998020,934777,216647,516943,410542,96853,277410,66694,497118,226388,754767,702734,963828,910240,0.29360388,374.56639,463.90494
896808,711347,789629,446697,807897,22206,708037,167540,690437,489835,311006,83339,868032,741850,178391,910590,105962,336583,424362,752282,0.29394622,374.16653,448.86676
1006632,582748,791272,168988,203935,69505,321057,400956,841246,965618,844194,179579,869946,512027,285630,81471,487393,746069,681621,917640,0.29435248,375.68622,457.91367
424416,120437,767102,649787,1032970,336072,358488,148544,997548,998953,1021797,706308,823161,885484,615308,968348,859200,97416,570013,316938,0.29166153,373.15529,458.91125
355533,175356,9367,191973,610693,422170,414739,540525,378997,987813,459869,297856,132351,967295,244137,965780,173366,753179,539812,946958,0.29459233,375.40868,448.75418
519882,144094,831094,328351,880499,355662,452227,500577,203840,250896,517235,757811,550883,383992,656690,632475,334388,940206,1045053,1046299,0.2925798,373.92735,464.11749
407114,346894,743782,559524,86381,191175,833904,484027,527097,327326,470381,675040,406157,319697,797232,870086,551118,485547,71388,787898,0.29259031,376.8922,451.9249
399066,118162,291475,679214,909221,237757,251310,877024,558807,486713,517300,232547,853701,969456,149182,174969,1038860,275506,824804,478446,0.29294052,372.76619,468.68649
840182,322105,362743,143989,991235,600031,380100,955068,553961,696909,589611,131643,691789,482060,608555,449611,609868,27550,85074,965445,0.29171629,376.33721,454.65924
498932,644868,719817,762925,693760,620482,285216,576820,145044,622937,823929,199419,331695,274455,308583,137402,850893,458763,41042,907946,0.29387862,370.4267,444.45215
261211,206240,36264,925288,76078,714047,328477,152375,935394,399713,698834,58398,659400,891976,673481,218963,248394,872967,372521,778868,0.29412156,377.57365,442.27963
964388,515474,853309,967341,226633,992517,286721,462565,1020109,299573,486823,622647,181064,512556,354900,332830,732991,399957,644747,448093,0.292054,375.41981,488.71799
894756,353414,735323,271137,768389,307778,640543,393939,329366,440269,560952,855900,495257,678752,16580,631483,553662,591899,353679,196858,0.29221891,372.74694,451.24603
267256,750482,981534,33623,586162,715377,794178,415085,451389,426540,685468,823487,755139,35090,605982,514476,726209,642071,840901,356006,0.29355713,373.79407,452.70969
492243,601561,992018,214382,588927,1033907,427009,623914,1008502,864981,804955,831925,945502,218427,244743,603973,919912,241909,276664,427739,0.29312694,371.30647,451.24869
381309,80257,103934,642472,246437,286461,383672,912737,427383,453537,367817,940783,971710,304442,518536,598202,85900,351444,337379,214479,0.29288824,374.35,466.17334
245305,792616,27505,86557,1027639,725077,751494,598942,874541,6570,293252,305664,708726,444297,822994,587380,608722,853783,862760,265662,0.29364833,371.56501,437.08618
537558,365154,903936,368585,41094,687607,549483,1003324,126658,886456,478558,303597,67842,60935,71282,185463,91197,611037,445385,20991,0.29372611,374.53076,475.93347
617942,149447,102867,116482,383635,277541,987705,1048069,475999,182830,214396,943943,673746,70204,172782,99966,143824,957966,613319,224454,0.29118471,371.4265,454.35147
761298,166437,312719,445513,341063,348490,628699,75262,773225,1045418,259994,21312,544762,139014,142924,898664,279482,290270,813663,417882,0.28954505,374.00404,441.79495
477008,935794,752249,702176,290850,788534,892120,156861,862873,761788,256063,927923,214927,328253,262674,26251,151804,135498,714193,868294,0.29312521,372.58928,443.26624
940321,698448,588969,1008723,127688,999346,33942,385861,534703,22617,58225,232919,735509,83394,332296,755637,459468,353377,733399,624506,0.29286917,369.06741,448.00317
551541,582779,661729,918289,124582,12662,241616,236982,554940,1020554,60455,165101,366461,169594,150837,399955,840233,547263,503969,747986,0.29073745,375.4778,447.70856
88267,129258,843088,463809,368225,848907,887454,950599,266004,379216,145979,933365,72549,239112,29007,90686,175587,637635,367973,738470,0.29227827,374.14724,475.44293
371368,577234,866960,995430,840221,206411,334683,832389,790359,969038,392474,775598,550745,998691,1043246,449467,701746,553602,40462,485150,0.29419124,370.85422,454.40182
913336,219092,662996,803645,372300,321923,109234,974278,278498,560269,109742,941602,960934,107765,617319,960753,993116,975041,702869,36917,0.2916029,375.60721,453.52414
891600,748289,933360,532335,740396,651795,421879,520576,623233,164527,130137,706797,521549,998267,916275,833933,980188,956786,590549,381187,,,
225786,220104,122654,550600,937496,914773,1015937,680114,200592,1042543,198211,906720,731110,150712,264364,575118,626922,371859,842566,986893,,,
560768,725000,736068,578051,432941,460325,435656,702197,438034,135427,8584,172559,217600,525599,740703,144104,818211,749482,37103,1032893,,,
64481,980747,712499,918057,493417,32391,353215,524054,942701,382748,488776,418923,343715,406117,111459,356614,816837,766305,12325,414389,,,
236442,416371,493571,553511,935584,242791,900196,799533,305676,7492,64751,523998,130702,1031320,717104,1035687,630579,769867,29344,970165,,,
221845,271072,43789,921208,726915,524607,83766,847733,985221,299219,615554,622166,590308,702653,835005,331253,280946,513590,727021,121221,,,
1043890,899028,489591,156156,678240,570737,623495,567613,936307,871025,781320,389547,285987,746111,1015953,551726,802976,907815,677646,387492,,,
252891,524294,40057,846626,143748,231546,10549,962325,791480,712865,1040275,308636,294090,810883,934461,293756,415370,166774,651505,874750,,,
845894,853439,374532,464913,460793,470100,776455,890325,207595,132845,139513,597669,126409,969388,424278,454556,797282,509822,426808,885171,,,
223510,484233,648536,701484,637590,763340,197794,873527,718779,537971,363663,581402,440464,38724,98270,5533,497229,4302,962856,955655,,,
48512,114275,55432,687895,906128,523691,643788,533405,345249,138265,171482,674070,1043578,994350,108358,821767,174050,311030,833527,903495,,,
492134,451337,597473,327575,985856,641993,252038,673544,951219,72690,958600,95381,577292,305962,416999,477626,718130,43637,1031809,807621,,,
575689,432989,214149,476802,622514,1007114,475937,405820,85440,96569,937502,32210,76131,116578,659766,603319,83317,42416,119631,249837,,,
456048,933804,694922,565643,658902,667474,346053,632988,558467,267298,152434,706744,23963,461871,53181,410648,1007081,817482,738659,79947,,,
142050,876056,392313,973346,482621,642610,210680,68598,979347,1010299,247062,128266,918768,778475,709396,451876,216651,739888,120566,623059,,,
861968,453741,788379,396519,407719,35988,541335,727817,808519,889710,290597,822912,420828,752903,275126,353511,105035,750155,908568,379647,,,
401767,869677,766783,103556,633165,701921,511298,950973,631848,675374,15990,89606,240483,775925,48222,935953,972702,871372,622973,830948,,,
733688,698556,868265,550795,625551,527766,1008542,587232,814519,48775,730258,769506,42803,119625,653486,621674,632710,881861,61454,985873,,,
57460,826427,718146,516025,393259,690962,616064,862176,723990,885745,718482,438139,457210,225609,781862,875836,192724,967523,1030261,921616,,,
41124,143246,10289,725129,360238,748561,821737,263852,97636,592999,387646,631117,995699,927800,1028698,815588,214600,215700,222723,252781,,,
937443,482761,268477,619752,580457,85146,992551,876312,491358,876445,134131,263718,140218,618383,333504,119008,111175,726228,844372,768851,,,
1008379,119362,60049,23463,847367,471897,574597,929782,125771,759365,23245,485474,678462,31130,499710,991210,636930,163265,212770,477648,,,
95323,960997,119113,870011,1027675,206471,1189,433016,349849,18966,464393,890194,585195,913633,99483,361912,76242,53043,915674,981687,,,
475935,70531,284325,830109,842964,844950,301799,130960,101728,98896,137452,442108,1020517,837178,356059,258792,77410,1023367,491137,289868,,,
246953,541970,341769,6063,962485,880956,18822,533102,911237,892874,846382,336049,682082,499576,1021847,1036160,520602,980170,826782,534709,,,
426098,205809,448379,672433,589727,809675,974376,223455,46433,865013,651222,718214,107150,1015873,412588,90681,260982,183776,509694,252003,,,
413347,500415,699282,904397,6904,367680,427852,272588,716682,421602,254325,950592,447207,984711,407302,327830,309528,970241,79158,60917,,,
870357,533764,473704,556283,732727,973572,458641,124715,389037,586275,600991,367158,747203,210936,176016,684905,759513,638870,145591,841237,,,
619827,80249,398305,238933,888182,9645,265,922653,511685,621030,399689,1011704,445593,686400,382865,47951,186751,93903,983499,460862,,,
121228,723098,104738,342944,150213,487962,298432,978288,993353,435523,1030545,985438,284904,394689,413310,822543,194241,725115,409390,948067,,,
969574,149607,473127,232387,57471,338011,102272,880544,705934,1033499,213201,215562,997424,54693,70539,101309,493849,318781,525912,361048,,,
471717,841285,875901,791840,69920,828214,471018,575565,776766,609045,51943,740740,825505,626089,705544,549873,1008414,710322,652790,106735,,,
723149,1006724,981857,818798,387124,665041,437117,350735,364308,732660,50492,67705,249410,1016594,963410,714077,64014,842260,841093,719106,,,
716778,639614,855994,452468,305289,307228,88783,236264,1004173,329183,519775,450517,313409,620898,677530,166577,429471,473867,381369,19498,,,
407584,617380,61458,162839,649656,989840,248101,975603,577611,378000,390071,341207,686534,102558,953265,127209,344200,871516,534244,935346,,,
416372,167758,1042716,429149,372763,1004362,1071,944439,865974,1003720,514294,328587,476933,470713,602801,628638,492596,873239,337922,717173,,,
891134,661296,91251,262157,893386,343376,563125,302168,510264,607803,117545,1001931,913647,468708,313151,204912,79045,211266,765457,17582,,,
299474,998483,162169,100953,574988,56681,69714,31349,736324,849725,722788,265960,900942,280955,94825,839210,8624,717952,414222,925488,,,
54090,561551,373073,134551,555056,783361,587151,265088,458917,377631,694203,942293,694927,973435,127595,805988,212183,576635,748738,427943,,,
460316,687474,680762,386726,505841,537883,161204,340594,659347,1041131,11622,450765,275331,267757,696577,245427,660027,930776,932027,73344,,,
222315,616937,971444,395890,844139,917454,808883,336574,805258,120481,921868,843073,1019277,956866,943840,789757,625847,1002327,279195,24530,,,
576662,740410,754016,432464,717056,744337,270355,781260,903547,992281,1040151,855901,295444,676111,144149,471885,597859,929482,210291,556724,,,
605378,627924,21504,734272,771318,997577,717690,34774,734719,895615,188211,250483,165543,620443,558208,840604,214786,544374,312447,198158,,,
876970,975413,5922,731926,722355,21763,818761,525067,898888,87319,166689,338413,667024,252225,497491,103833,606701,401086,900246,272940,,,
427428,36275,497690,856942,320599,270099,335129,458225,973392,681693,740315,16469,76721,737912,319770,95663,624178,327777,1021205,906154,,,
632568,471405,321831,697247,693708,753188,866205,986038,147729,222861,207217,748015,783020,339239,350963,1039771,458991,21796,273417,45983,,,
629610,763781,399930,921328,634270,428802,690433,320139,959079,273664,847524,109039,730653,297157,889522,528729,944072,892747,183539,371102,,,
789218,404977,78645,1017427,1020889,249252,152663,507910,214907,215882,333763,1040822,976605,770611,31979,468197,252773,437327,243199,669031,,,
267044,300224,239123,650922,83916,17518,749481,510975,812985,658042,254444,978920,454456,444714,332822,907954,463949,419444,89178,468362,,,
239531,693744,559104,181457,556730,12113,520940,759447,604755,992646,712947,300165,526429,80188,535381,871339,1008455,338059,262443,844116,,,
278694,602030,329612,533033,456139,892598,268781,996237,679980,959021,88835,648230,859592,639675,231987,82368,247545,847691,248754,501979,,,
235925,620781,708683,483328,713676,703587,448145,1006353,1033679,463000,926615,1009502,850006,1042281,476357,1020929,675873,428306,955353,742986,,,
417692,742218,45403,660930,736674,900945,746592,611843,1018443,812137,267331,479975,513953,692110,1043131,457449,300328,451536,391230,209445,,,
394554,200170,114020,511896,712628,363903,685035,381233,371370,720954,595718,987037,535220,91660,926600,475923,688046,893008,289662,186751,,,
514493,830062,504705,406827,300,131362,682752,854232,213657,578010,540673,789170,515136,44212,139598,130218,253706,387182,684830,917375,,,
110343,274841,1005231,740986,507591,275029,465999,531774,460319,504838,997287,415226,732863,974847,963800,995162,128361,113384,61041,739479,,,
287094,734194,483306,817262,1034151,151611,414003,248031,893505,117339,161243,190992,666281,471438,632804,834370,669605,563790,728357,582999,,,
257944,286713,889111,1024030,174063,902013,899605,115670,33912,1017930,46426,109665,751353,238117,501185,976934,705343,667409,255703,1046839,,,
909885,842425,513329,322629,12003,325133,528963,284330,351922,631040,253730,89534,961076,983637,753386,196815,182114,741951,268479,457888,,,
833227,408625,53519,1032326,690935,6272,255673,558185,412659,556022,320465,219043,216376,606721,836483,128392,467795,574224,791724,957600,,,
988242,195217,527998,158562,84965,743249,695394,877848,376060,783902,259295,19800,751198,1032057,579203,10368,23866,531584,682590,133430,,,
752789,51597,396248,143775,208065,645117,751734,268086,833084,671574,1019027,512915,711861,294679,990036,89305,835304,517869,226402,285989,,,
266911,401550,570957,531450,1014597,456120,985381,567132,725372,628324,40578,995147,385627,371192,421552,10245,923298,997831,163905,742956,,,
584921,904349,132441,807673,996240,961310,859619,29774,939404,694796,221578,61983,232309,220576,529471,842074,43430,670053,775141,54643,,,
418977,82141,21597,57914,878044,846227,624847,406028,335991,127814,411404,85925,153182,951077,714904,798630,70269,1035290,29077,721250,,,
416011,876840,903780,904747,780928,20753,355227,469555,587659,352731,127174,252719,592712,816269,562082,64182,699947,975037,533527,815095,,,
838261,894317,600380,951402,707282,1008441,844843,112439,509838,955046,487778,270606,978289,892109,940045,999009,166130,483454,611165,235268,,,
808273,149361,184477,586158,540374,767754,32023,52408,840120,352657,817461,759081,165990,492022,581513,44453,276912,585375,877807,854477,,,
738121,803364,134509,119474,361931,690832,325583,651091,1035181,336095,393623,355632,621422,929674,204974,700980,258719,137589,44789,119409,,,
327513,666419,864682,540698,728365,640453,971869,397149,812157,388390,343431,717156,261835,654092,808674,455612,116885,662018,517912,748326,,,
565498,151350,612032,823984,208605,831838,725870,598896,194686,43157,394246,1031371,307074,911700,323957,881302,20963,526751,855685,1026309,,,
908690,226858,147428,77370,386095,448735,938819,852846,885628,225980,819070,394684,859714,1010520,804367,801535,630415,798369,453301,408545,,,
238700,498779,979821,731780,1035198,691093,82519,259698,599474,438463,722418,128037,977452,624208,1015055,171431,259946,229795,831557,927144,,,
158428,291544,190742,588668,730307,146850,6838,484786,319985,427086,764306,114905,180229,536744,170800,47930,940729,312225,312190,906529,,,
722762,415966,447188,269728,973007,728634,350750,511265,186662,87858,490108,762066,387009,552743,842825,873921,381306,77402,506380,181728,,,
892431,985011,284292,1018485,369104,514807,725908,860302,153732,579702,709786,938593,1005770,69674,236892,1014818,938513,446461,249114,910898,,,
284078,377503,121615,66031,7151,1039539,74952,212389,347655,989800,916801,256151,646042,147212,411758,107164,885974,250523,399701,708026,,,
336539,784500,532552,1046178,891657,769960,704237,960487,285942,592777,981437,348449,517615,671567,733710,518028,746934,977700,372911,295319,,,
396462,622540,652675,841465,249247,511970,171486,364280,322405,240358,706388,838385,594125,480565,73130,914158,261207,590918,88290,576907,,,
910767,1033937,277500,896361,258813,601237,138568,202712,783,126311,995839,907423,651541,407078,107362,888999,56702,1025863,131993,296548,,,
540929,648975,484320,983547,887630,933977,374318,710242,550865,808117,582113,573098,134491,591107,808320,506127,623653,167236,325194,190156,,,
423311,106581,794698,283992,202180,552639,63038,579957,255380,71927,695049,462969,637413,225357,322781,964974,584649,205277,978335,645080,,,
651361,717856,486385,639879,769426,269438,49513,409941,279341,288865,270894,426752,1004976,124417,570396,95433,638564,134940,595977,852742,,,
411914,464701,297819,12583,611814,299627,416689,480899,570193,1037667,947575,962733,682282,351127,879050,804839,828927,875136,224627,415738,,,
293015,495471,490654,828056,526004,308889,673701,799758,581736,455557,449036,989612,609915,395476,53369,842594,290770,805880,394071,532663,,,
972843,860833,273013,738642,784100,735956,69651,574199,715585,897525,731967,1013365,295059,114129,968904,879159,429292,661905,538418,312642,,,
69738,115833,754967,348305,426980,941549,501085,260682,279742,8120,109483,87151,117212,57980,913338,411799,722560,769033,309638,569016,,,
565008,79088,645602,694318,644329,887326,583628,314568,780588,747199,746312,324833,483683,749676,59793,189380,226357,1041215,509645,732954,,,
279692,651476,301043,628495,92090,364399,402896,8339,509093,998185,657254,685058,226915,884969,735091,397268,296034,601316,901339,729664,,,
1022812,963150,774783,340075,579135,544752,453252,390456,28013,728237,602038,691969,605516,535054,964959,300516,603447,714826,118112,68704,,,
367239,947523,99127,82201,547595,985006,157346,964678,11732,12837,840451,37462,336150,664412,860130,955819,695815,523119,790135,792647,,,
987794,2418,970899,492463,249915,832932,78272,391711,392470,1015451,406169,111126,371585,643033,961186,8405,599105,517881,551985,468561,,,
115412,477416,136572,361450,242129,921251,855371,801277,433294,741625,632548,795685,692671,479610,336237,491327,275111,312134,233547,818197,,,
344158,326152,935143,111995,827024,740014,331210,288535,738405,897903,906013,800500,449265,431409,845675,916567,764752,973474,409785,222956,,,
135751,1045596,689916,13761,802723,905118,954511,375340,522788,374813,123807,598560,995496,278021,90058,209095,754008,743891,342429,605335,,,
825781,125889,819055,1036279,172063,47219,870372,987918,273672,857478,846933,479810,159740,1047042,786234,539534,697027,863740,718755,456472,,,
657180,134427,927275,418315,317079,946287,690586,854030,908883,592148,462156,194814,671679,918745,582342,881339,138528,67976,883625,240141,,,
1030508,486032,98489,860184,482655,1028540,782677,967573,841206,455817,43040,602792,816175,262616,83034,58642,665437,80394,391636,547673,,,
672866,694558,356916,751327,981559,557026,529301,794265,380386,18519,298447,446590,126011,427318,1982,393716,544500,6338,1031900,88333,,,
888167,238440,339259,657333,779600,334107,602936,579655,863751,796691,730160,274435,773216,244570,128023,319398,161563,601066,682868,992866,,,
247559,112167,191333,494625,551444,650304,254944,780621,349931,548795,92562,143902,689461,976238,478261,447548,639136,96701,462537,619832,,,
691217,698020,708897,314847,568586,778107,583575,428063,56524,803373,478499,542737,385434,553467,159169,872763,409450,42182,991655,572548,,,
82375,868840,677274,34232,961273,383683,526869,439638,284786,894778,680679,681592,653477,1022603,593723,272459,5766,341703,473464,873265,,,
891764,353549,412427,97938,771128,911609,922699,945108,346399,1040552,138585,700102,748293,865019,88183,1025436,629894,533696,1032754,774192,,,
13771,382462,452437,85677,750457,182771,693273,678463,626296,220310,836642,36429,373814,622055,77182,559296,334659,1040694,557833,780258,,,
911174,568580,533697,796987,126153,515788,1004833,980532,81581,800962,519517,1023435,630409,448729,75308,23212,104491,461921,238621,64716,,,
587507,141272,10279,935451,408070,643660,636629,754908,749751,1368,384259,52612,555021,493805,310106,290102,980391,968198,219869,713775,,,
253863,34041,826942,796796,909448,657946,33868,870399,294431,920067,794781,114806,845,360913,237908,545176,377098,373589,1041930,360396,,,
240167,784221,1003099,789419,762607,883576,540844,821936,518821,270989,742238,328493,862271,524434,337889,749841,249743,285822,629679,605592,,,
962774,400788,183800,994597,357731,593386,617711,485615,141219,470489,609420,741425,63493,243154,814049,945995,654424,413994,956970,121386,,,
621375,191698,392836,217962,902075,267492,794034,556596,965951,596537,914594,597773,289954,652011,1039106,625616,27047,325519,569475,1018690,,,
871496,380298,336240,253822,856660,854335,654362,956784,517319,359678,89767,415876,755552,735251,804454,949720,162252,919919,28681,230338,,,
1306,781190,187197,923897,830550,1034292,941055,937064,867197,325675,297765,202847,498723,932515,306921,842005,238026,991289,757703,97294,,,
476139,73715,927624,324104,168416,970650,126853,793850,297915,43477,963144,567662,93228,265308,644095,790462,414688,709351,535201,488318,,,
765986,1267,191168,223901,190201,301100,81117,970707,398655,1038687,720768,982767,694858,643885,205053,81990,513529,769679,1013440,641909,,,
281281,991157,841564,903812,861509,1046185,48282,779482,3720,451333,398170,795807,583823,628701,953265,485122,594119,1801,624566,333322,,,
786590,597440,423880,328663,518819,70181,697902,766783,776005,492720,347399,480882,329440,907546,511058,611555,799995,646488,897377,328079,,,
241235,764762,608283,6891,978171,826963,848613,847837,992381,1024681,884184,728256,260549,788706,719391,115132,528900,1041056,4855,783769,,,
244680,657992,319275,472370,256154,956841,628914,776581,98053,203690,182975,835671,805707,125966,909247,447858,967592,233385,864273,339222,,,
390594,92188,934227,383166,573026,582714,562282,736299,181844,99957,556704,641654,260541,245899,127178,171397,926998,880317,423027,410658,,,
203973,794669,326094,497789,899061,447606,11453,166235,679487,623745,236643,642970,487392,364187,1952,648716,94867,362871,373984,250266,,,
968964,955871,997867,211935,400722,750091,431775,754538,859758,593366,254652,465669,590014,1023956,790409,461442,667734,5660,68848,472617,,,
973145,936737,472378,826113,684442,9661,935065,814456,503811,367015,703086,365779,59987,144033,470620,63033,988028,529522,707757,568952,,,
794353,987125,24206,560366,424833,139982,891647,341034,997205,47862,550112,967812,141184,971612,599863,642785,822960,862485,304826,533125,,,
901743,476224,996188,987404,68037,919860,62357,526573,535621,421163,891870,261479,189808,750628,415973,273300,763185,680116,946835,255050,,,
793414,852582,606764,728693,717382,275012,677187,357830,543588,833203,224807,651382,259681,751638,797480,702887,646760,302148,373226,1029299,,,
32438,962640,661402,940629,879799,763733,516077,152385,417544,330659,1009646,646909,457085,978559,226167,411332,811143,566869,604061,169629,,,
840823,834845,323239,78447,618579,658451,229466,607662,490323,847686,50479,579004,65847,785543,392570,865595,697953,1017955,295887,865891,,,
720235,836969,776330,568957,953489,425471,474751,248675,428083,95400,512119,306625,537617,963548,221769,525397,274598,65805,63981,112530,,,
15133,640013,649797,487876,169933,738159,52721,844572,336222,927198,83349,768894,531806,130707,35526,403961,626336,663265,750356,148498,,,
654280,689737,490588,712784,629863,725007,692558,286552,594632,424957,1006629,607686,252248,236826,285657,666804,493850,576072,959079,921727,,,
307070,826378,627299,154316,681008,766346,669040,137939,1006157,879032,218922,487231,838664,654567,247263,766786,589126,474476,702704,910861,,,
16513,911103,712506,209656,134336,489043,700568,435464,259367,436656,402955,668726,272604,884693,700618,316245,120994,241335,36076,644546,,,
854721,868938,481158,869607,642029,979084,996491,868483,725691,963337,967152,533881,86563,65126,1006691,771672,410343,708228,797036,498387,,,
330223,200942,477107,349513,239759,451605,767551,185889,59607,453453,398765,346896,81936,558483,845264,898788,670808,58195,912390,425261,,,
348011,672484,153480,101428,114459,872793,884682,995151,292582,1027171,841958,695182,217253,958587,482337,209809,515866,153395,757096,316431,,,
563163,991849,663887,417229,147448,457713,30549,10263,889963,671707,225745,302586,917600,983977,659359,112035,215357,596170,771466,503702,,,
230615,725971,287887,326824,788633,1025538,246192,64868,40038,890230,135450,685798,309678,927789,1037426,344649,717011,525398,310748,231443,,,
448640,444666,93171,1025993,589024,622885,107473,823098,748712,694248,494947,974290,356584,875598,64214,698801,329322,141667,186383,604274,,,
755574,798282,669533,997736,10740,316132,666709,910967,889841,571665,989325,406132,572739,703739,938152,373488,465744,306723,840738,945668,,,
912752,609561,949147,965406,215098,622438,345584,383615,923783,762515,551818,909195,729934,205864,743483,979104,419401,680730,525858,155303,,,
512357,954909,424937,777118,42656,151122,260615,109323,622026,361939,232393,439503,710649,906422,920674,14033,535479,458495,353062,479889,,,
1036042,943356,645985,607607,149854,1027657,345948,550788,132654,770984,271625,885224,437709,1019792,851545,484308,487566,493485,809755,928942,,,
634282,456756,199347,555758,1035694,87472,356506,461210,970184,711946,57566,447935,294726,438628,203744,149390,1028224,506980,368993,467510,,,
130888,810688,278553,678385,276322,28905,33895,625051,733727,800275,26822,503553,636931,741306,837707,175238,594277,636560,94732,229210,,,
812494,264555,948712,674429,758949,157550,326482,752907,276838,780677,736503,815806,200900,167262,711466,409054,385167,380606,573844,653994,,,
41554,125193,267609,62573,902989,494574,872368,206792,380892,998150,355438,188163,121235,575548,163783,236722,276455,840501,936999,293174,,,
31209,801594,554309,696147,821271,561932,485902,279144,235552,655351,635826,670935,56577,157127,697902,850750,70290,868088,805613,453150,,,
969708,930509,357156,257609,503731,980608,115723,855299,435566,95487,36924,99744,663011,53508,948761,907287,213526,848164,212284,231812,,,
892158,842411,876071,776369,298132,630117,381011,1037620,409647,720967,341285,155125,533308,581265,990645,969596,971291,616437,416801,78058,,,
551827,1013026,122276,130190,592291,672912,903565,600473,989516,321220,889096,1038922,409565,910982,989125,495453,790484,800826,880362,518176,0.29291093,374.66559,458.99667
173413,312076,311293,539039,390940,152880,382596,433257,956559,455608,463747,33760,530105,1008644,149873,362984,348322,43554,915181,915015,0.29145832,373.19013,459.1604
339823,358740,803740,767810,834052,616040,579072,555370,535529,296690,480343,890089,577515,70610,547489,2089,65266,93574,115599,740993,0.29245523,377.02541,464.06012
432141,901090,617249,210807,365680,945285,259821,474142,133573,541784,650153,229271,71822,249664,16941,452030,778055,220656,886223,84365,0.29338226,368.74253,431.16907
741599,383314,728038,857820,96174,674906,744168,1009270,232219,817949,154374,559985,578909,458292,307771,700240,465293,650847,775041,545261,0.29315433,371.04923,429.91751
818891,525744,529597,101768,851556,975408,17611,1008054,65619,431103,148129,112164,63038,224500,782650,267688,444996,217518,197406,524001,0.29230944,374.1894,451.43829
13975,10165,832055,754287,415609,807641,56095,825146,229181,287647,534515,634134,674817,890502,442147,919181,645227,416456,643689,91139,0.29221082,379.32325,472.87585
704952,352385,331532,838894,568019,701578,80990,596099,273155,783861,426196,808277,628776,54374,616999,388049,471721,11897,1046988,935133,0.29397741,379.00204,454.67258
360973,791415,733073,204122,892794,558964,549759,269523,682785,155865,355429,767715,512318,163072,930607,279182,554724,194535,907540,178487,0.29172867,375.86507,442.95071
996434,269948,932253,565622,463759,1016688,711785,352578,333277,296564,213258,256428,879725,611432,236425,287871,795874,52191,973140,727930,0.29219042,373.1399,474.05493
126664,378524,675292,87965,408410,560309,202573,834311,618622,539102,1007304,1047683,95696,97292,47434,549218,318521,423853,905374,1017088,0.293811,374.09526,451.62195
1040333,760382,139790,523259,133338,221586,187862,250995,413804,418437,913836,325623,74986,427687,137993,198331,320291,591519,194631,572252,0.29226961,373.73468,437.23141
47093,265708,196173,286618,168206,194041,224961,324332,913551,871501,792398,389700,921816,380612,19210,206604,919028,103360,321051,996025,0.29071509,374.95335,467.97241
543585,604328,831726,360796,385216,43482,512183,306232,46702,376733,81221,695611,833514,568286,558431,880089,171188,590759,772830,363483,0.29175456,369.10909,440.72525
578644,441827,15855,169333,325912,440508,642475,187677,43813,552720,307767,723556,763914,1021727,724867,860624,1042342,421881,486009,817833,0.29191831,373.52501,456.37808
493367,41711,788743,457252,1042805,266635,407125,414537,556403,118702,966834,99643,382739,168787,1026510,87202,173604,695846,474255,172950,0.29302024,370.92535,447.83282
347600,510072,591374,820292,578888,686797,391641,386593,511392,716039,416178,986834,988036,808134,12392,76665,136674,1033475,519990,878598,0.29273661,374.97339,457.67767
231884,659974,1033589,229707,549880,938754,270852,800423,813322,578261,394108,284470,197413,27180,208559,219349,804520,285099,525730,40900,0.29282024,376.93349,452.44794
780060,964820,107575,629033,240695,412622,837229,1009578,630827,415156,110809,808583,32651,260736,909978,500621,937131,838165,648775,332440,0.2931362,371.39407,455.10446
417236,296670,33524,1000224,975201,49597,606000,902121,457101,680795,268642,594611,1023361,954221,276114,722731,58125,917239,395829,793465,0.29166818,375.80357,465.28824
848276,727957,84275,396021,502563,66950,708738,920327,988528,238714,847768,790108,655537,656763,599911,712646,559889,339182,678009,7452,,,
45899,41417,210393,466769,181807,93040,225271,704023,14516,191774,752053,844205,652928,596443,56525,200943,281938,63776,258130,388645,,,
207194,644393,382269,783998,837875,321845,85616,315917,143321,76685,158324,763163,45413,80789,663144,1032807,781086,198001,757896,372993,,,
62720,287145,930288,1019368,996614,98671,439632,916568,659867,476521,188969,358946,890914,546338,651546,40498,28253,138676,546842,979830,,,
700506,509664,1016839,197579,367923,753260,630406,317442,659151,540,486869,664516,3464,985214,807759,492133,845584,924653,102119,401183,,,
584261,413065,928691,1047817,80258,320114,583896,106376,963180,757568,28260,392587,530813,800418,676702,461082,362062,60042,1031028,4480,,,
519882,708363,229224,326549,135273,351058,958707,439563,912119,517967,692440,752496,267667,640168,587062,250271,419654,795671,235040,731394,,,
1041230,268698,944619,183665,852461,846916,444969,555125,62822,69279,518792,952776,200377,554777,299790,429119,465744,374043,30948,255407,,,
670878,73578,835835,988531,449695,240805,989489,185380,336563,745026,502437,612674,592582,956387,678423,644520,580673,463298,651609,96341,,,
442567,856896,1009794,202620,730387,618569,97934,954987,454781,904693,1038569,485286,357327,107247,626181,1044253,797376,123954,60219,281133,,,
95974,344719,680701,427338,50934,308720,160911,597480,412991,333218,799119,773539,514796,36920,795876,898701,431286,623182,639152,462572,0.29133562,376.46316,451.74176
923202,964513,662913,7771,516138,374443,859686,933856,72449,90513,675872,989898,643480,305447,434169,297528,108484,348841,898609,88147,0.29306714,372.71419,457.50333
167941,924134,494189,596473,481895,122468,558869,22157,309450,451805,237188,612334,577492,331863,548857,500577,565468,831769,974955,417556,0.29307048,373.43193,457.70532
100564,107911,302860,652131,880825,667623,49220,42532,472387,528520,549151,905192,461622,34214,603400,958060,229494,969037,797951,819885,0.29430297,378.3693,503.50079
816882,119297,991867,122546,403262,957699,758354,481878,1013410,154150,220710,533964,330124,86423,368139,74863,114339,610980,1031609,179773,0.29137419,373.01307,460.65793
634563,926776,316435,416050,45766,487067,534628,667970,480814,296093,164475,261729,247968,416991,615523,958504,598658,114548,932030,854566,0.29231173,374.94329,455.46152
716697,564089,775054,754112,261034,307369,88878,942174,880179,790609,721380,727228,815622,565330,253968,558788,711812,595802,27023,938229,0.29243609,370.62393,453.72061
600343,66842,822935,842907,154547,822730,465413,604771,442905,418239,563165,818142,900704,643593,253046,410989,946973,697984,455908,619376,0.29309975,374.88185,448.34317
94014,677011,387472,916304,845508,40020,902479,426722,839882,1004171,111539,54200,517048,612060,851658,221293,911594,389421,142251,466243,0.29263034,368.93597,438.7818
887975,596260,601971,572528,339882,17370,198396,975314,392557,426648,870590,775412,536355,429158,688469,772751,331290,685362,728359,89605,0.29324017,376.02564,452.6575
926900,863236,265833,473411,122955,577147,573929,445346,189564,549309,54682,835588,741833,600462,213208,424627,257133,764253,984628,664775,0.29187524,375.27963,491.69406
574121,310522,305463,672570,310657,45815,494638,973787,154554,314036,120738,934162,86398,699778,465227,1024142,916859,1027214,479191,750324,0.29251039,372.52693,464.38184
64786,860406,732590,716493,406133,71131,540026,877366,158557,399189,950856,790205,794225,610347,881958,902203,359551,301457,866910,709883,0.29372272,373.01884,465.38165
717624,338836,148798,831103,159604,211177,169773,827663,219699,691,146744,230739,325194,363405,1042777,970132,983507,829259,664152,505857,0.2933862,374.97125,462.26697
824794,610512,107011,743700,782301,774531,895616,204969,286069,945622,242296,132651,147776,1031768,577025,754027,525898,1019338,537236,715622,0.29107597,373.53071,455.10034
934587,725586,632780,368525,580540,96088,188429,350238,573176,954212,916150,30743,450939,210275,667970,546957,452216,817762,746485,1006169,0.29321852,374.0029,462.8754
1028451,355387,693318,35422,620472,814300,692747,993617,796181,50046,973048,222768,952899,897628,396820,946461,869603,223474,793426,950172,0.29214872,375.09387,451.51782
21711,408845,255524,277633,320075,156098,826292,202937,375834,723630,615324,530867,674735,808741,135041,801322,521968,255774,441142,978643,0.29261215,372.48845,458.8656
1032926,376612,825063,446784,511485,104365,25444,955494,174806,388117,825721,176660,730447,139182,243110,633656,898986,150123,652015,837610,0.29225021,369.53953,446.02802
1009466,480325,475203,122308,28675,911105,937107,543348,382339,488648,552677,178971,543481,793377,596138,240672,50744,797092,440979,143186,0.29460593,373.1018,456.70184
